{
  "baseline": {
    "validation": {
      "mae": 44.180322,
      "rmse": 53.22132,
      "r2": -0.000696
    },
    "test": {
      "mae": 44.325714,
      "rmse": 53.485262,
      "r2": -0.000768
    }
  },
  "lightgbm": {
    "validation": {
      "mae": 17.04814,
      "rmse": 24.942802,
      "r2": 0.780203
    },
    "test": {
      "mae": 16.783307,
      "rmse": 24.457761,
      "r2": 0.790734
    }
  }
}