{
  "validation": {
    "coverage_q50_q90": 0.392533,
    "avg_interval_width_q50_q90": 26.356857,
    "late_rate_vs_q90": 0.114533,
    "pinball_loss_q25": 6.776678,
    "calibration_q25": 0.2574,
    "pinball_loss_q50": 8.500549,
    "calibration_q50": 0.492933,
    "pinball_loss_q80": 6.008935,
    "calibration_q80": 0.7876,
    "pinball_loss_q90": 3.792694,
    "calibration_q90": 0.885467,
    "pinball_loss_q95": 2.272437,
    "calibration_q95": 0.935133
  },
  "test": {
    "coverage_q50_q90": 0.389933,
    "avg_interval_width_q50_q90": 26.117732,
    "late_rate_vs_q90": 0.118733,
    "pinball_loss_q25": 6.610621,
    "calibration_q25": 0.250067,
    "pinball_loss_q50": 8.387045,
    "calibration_q50": 0.491333,
    "pinball_loss_q80": 6.00931,
    "calibration_q80": 0.782333,
    "pinball_loss_q90": 3.815055,
    "calibration_q90": 0.881267,
    "pinball_loss_q95": 2.28623,
    "calibration_q95": 0.9306
  },
  "quantile_crossing_corrections": {
    "validation": 429,
    "test": 454
  }
}